89005907,,89007507,,89010978,,89011016,,89011048,,89011119,,89011129,,89011448,,89011642,,89011704,,89011745,,89011747,,89012333,,89012486,,89012516,,89074636,,89075417,,89075967,,89077501,,89078230,,89079659,,89090152,,89094273,,89095030,,89504648,,89011098,,89057825,,90005288,,90005942,,90007068,,90010141,,90011903,,90012743,,90013323,,90015258,,90017500,,90020568,,90022088,,92000110,,92000299,,92000362,,92000381,,92000386,,92000694,,92000741,,92000797,,92000812,,92000813,,92000834,,92000882,,92000951,,92000952,,92000963,,92000965,,92000983,,92001063,,92001184,0,92001201,,92001232,,92001236,,92001324,,92001341,,92001450,,92001463,,92001468,,92001473,,92001575,,92001726,,92001830,,92001889,,92001944,,92001946,,92002033,,92002072,,92002113,,92002114,,92002117,,92002141,,92002267,,92002347,,92002506,,92002630,,92002636,,92002798,,92002907,,92002916,,92002990,,92003013,,92003033,,92003061,,92003062,,92003112,,92003123,,92003132,,92003161,,92003175,,92003184,,92003184,
140,0,360,0,7504,0,0,0,0,0,0,0,1008,0,0,0,336,0,784,0,0,0,0,0,0,0,8400,0,1680,0,0,0,0,0,0,0,140,0,600,0,224,0,224,0,420,0,4760,0,10752,0,0,0,0,0,0,0,2016,0,935,,0,0,0,0,448,0,18480,0,3360,0,17920,0,0,0,0,0,4200,0,2040,0,0,0,4480,0,0,0,0,0,0,0,0,0,2464,0,0,0,30016,0,420,0,595,0,0,0,0,0,112,0,0,0,560,0,1680,296.984848,0,0,6048,0,10640,0,896,0,0,0,0,0,0,0,0,0,0,0,2520,0,0,0,0,0,336,0,0,0,0,0,0,0,0,0,0,0,4760,0,0,0,1120,0,0,0,3024,0,0,0,0,0,12544,0,0,0,2688,0,0,0,0,0,0,0,0,0,0,0,0,0,0,0,0,0,0,0,0,0,0,0,0,0,0,0
0,0,360,2250.01378,7504,5306.12929,0,0,0,0,0,0,784,1187.93939,0,119.501046,560,79.1959595,0,0,0,0,510,0,0,0,22400,21730.0985,7000,2023.0325,0,120.208153,0,0,0,0,0,0,1440,1103.08658,448,158.391919,112,0,0,472.34733,4900,4716.40223,0,0,0,0,0,832.971788,336,1663.11515,784,1983.43452,1530,0,140,950.351514,1344,79.1959595,336,10612.2586,34160,1900.70303,5488,31353.8218,43820,296.984848,1155,9982.93354,0,5695.74512,8120,0,0,0,0,2613.46666,11200,74.246212,,0,140,0,0,0,0,4085.66298,2016,0,0,21066.1252,32256,0,3360,781.352993,1360,0,0,0,0,237.587878,448,0,0,158.391919,784,1346.33131,1344,0,420,3643.01414,10304,17564.5324,11060,633.567676,896,791.959595,4704,0,896,0,0,1663.11515,0,0,0,2800.14285,3000,0,0,0,0,3880.60202,5488,17581.503,25312,3405.42626,11200,0,7728,0,0,168.291414,0,6228.90364,8400,0,0,712.763635,672,0,0,3765.34361,3024,0,0,0,0,6652.4606,7168,3266.83333,0,0,5376,0,0,0,0,0,0,0,0,0,10752,0,0,0,0,0,0,0,0,0,0,0,0,3527.75573,0,0,0,0
0,23.3345238,4080,277.128129,7728,4203.10996,0,0,0,0,0,0,1344,810.227951,280,74.8487364,448,281.860486,1120,350.017857,0,646.632301,425,343.52341,0,0,17220,14777.9592,6020,2882.69116,0,245.373864,0,0,10752,0,0,0,0,1025.28045,0,0,336,0,0,166.276878,7700,4079.84771,0,323.316151,0,80.8290377,0,680.118617,336,1248.85441,336,980.267821,0,98.9949494,0,0,0,237.587878,0,16118.7937,35728,3013.61179,6272,24864.2723,34300,792.732616,1680,5809.00132,0,5754.26592,8120,1177.79455,2040,0,0,4398.52581,11088,74.246212,210,0,140,0,0,622.961074,0,4309.64411,7504,0,0,18170.3677,34048,0,0,1542.54119,2975,129.32646,224,0,0,0,0,0,112,387.979381,896,1875.23367,560,0,0,5081.31217,10976,28447.772,14000,581.969071,784,3230.57394,0,323.316151,560,213.042249,0,0,2352,0,7168,1662.76878,1200,0,0,2462.17973,2128,0,0,0,0,2534.2707,3584,0,17920,0,896,2648.1007,1540,5182.24202,6160,0,0,581.969071,1008,0,0,4093.83553,4256,0,0,0,0,5173.05841,0,3890.72401,2380,0,8960,0,0,0,0,0,252,0,0,0,10752,0,0,0,0,0,0,0,0,0,0,0,0,5699.60186,0,19.7989899,0,0
700,0,360,336.784798,7840,3472,0,0,0,0,0,0,784,649.85742,0,43.1769614,336,316.783838,336,0,1120,0,425,376.950483,0,0,12600,10474.063,280,4013.25483,0,81.3813042,0,0,0,0,0,0,2760,865.332306,0,0,112,193.98969,0,179.223324,3500,2607.9548,448,1114.38593,0,0,0,384.459361,896,781.328783,1120,919.415575,2635,0,0,0,0,140.930243,448,15264.3578,31584,2777.50968,6048,23756.4903,54040,884.745726,1050,5518.92782,0,4716.89774,8260,0,0,0,0,4364.64829,9968,218.57493,0,0,140,0,0,1823.38961,672,6461.05705,6608,0,0,15728.0597,34832,3570,7140,1589.44697,1020,0,224,0,0,168,336,0,0,230.893915,896,896,1904,0,0,5130.04016,11200,27236.292,20020,392,784,1900.70303,896,280,560,204.172313,0,0,0,0,560,1629.23295,4680,672,1344,1969.91912,0,5096,10192,0,0,4440.62698,0,0,0,0,0,3517.53664,1260,2502.98946,6160,0,0,728,1232,0,0,2918.02919,4368,0,224,0,0,5320,19712,3035.93478,980,1792,7168,0,0,0,0,0,0,27.9448862,0,0,0,0,0,0,0,0,0,0,0,0,0,0,0,6388,0,16.1658075,0,0
280,46.6690476,480,160.996894,7728,3355.89082,0,0,0,0,600,268.328157,784,565.572277,0,120.92477,560,281.117769,448,780.502616,0,0,170,309.987903,0,0,20300,11873.0444,2940,2223.57037,0,142.232205,112,138.592929,0,0,980,151.320851,360,934.922457,224,0,224,144.591378,280,140.715315,1680,3062.36187,0,1626.12275,0,98.9949494,0,397.654373,112,813.061375,1232,670.369301,2210,0,0,0,0,100.175845,336,13648.7521,29008,3090.26653,6832,27640.6466,22960,1186.54646,1470,5707.7358,0,5118.35012,7140,0,0,0,0,4288.73725,5264,74.246212,210,0,280,0,0,1301.96947,448,2856,5824,0,0,13200.6623,35056,4883.57246,10920,1665.00225,1275,0,0,0,0,316.783838,0,0,0,330.352539,672,851.494686,1904,0,0,4683.01988,10304,28278.1753,15960,400.703382,896,0,0,200.351691,448,144.5,560,0,5600,0,0,1871.38451,2280,0,0,2155.37032,784,0,0,0,0,1559.17517,3584,4007.03382,7168,0,0,3120.50143,0,1988.42028,4620,0,0,587.332955,1456,0,0,2418.65764,5152,0,0,0,0,3556.24251,8960,3889.38041,0,2804.92367,6272,0,0,0,0,0,196,31.1205541,0,4055.30829,7168,0,0,0,0,0,0,0,0,0,0,0,0,4626.42465,0,880,0,0
280,164.645073,0,126,7728,3063.49517,0,0,112,45.7238085,0,0,896,548.685702,280,103.781341,672,278.127069,672,270.199926,0,0,850,306.078694,0,0,19740,8726.74468,1820,2028.03728,255,71.1161023,0,0,0,0,420,2866.61089,1440,472.440472,224,0,224,115.673103,280,264.204971,9520,2603.08246,0,3411.86635,0,0,0,304.123659,896,703.909085,448,473.259971,1445,0,0,0,0,115.673103,336,14094.8637,32592,2664.95679,5600,25575.7747,65100,1286.69635,1575,3259.88886,0,3882.40809,13860,832.826513,2040,0,0,3891.84556,5376,132.815662,315,0,140,0,0,1418.3318,3696,4752.02738,7952,67.882251,0,12988.4593,31024,0,0,1352.98713,2125,0,0,0,0,217.368504,336,0,0,339.71282,560,821.24848,1680,0,0,4253.29739,10864,21676.6064,16240,451.717906,560,633.567676,0,0,336,125.332358,700,316.783838,0,0,0,1748.46218,2880,0,0,944.355371,3136,0,0,6309.88558,0,0,0,0,0,0,0,3768.71085,0,1949.74501,8260,0,3584,644.365114,2352,0,0,1477.98917,4592,0,0,0,0,2804.92367,0,0,3220,3669.69049,3584,0,0,0,0,0,0,2074.02122,0,0,10752,0,0,0,0,0,0,0,0,0,0,0,0,5016.96324,0,8.76356092,0,0
0,646.565477,120,94.4154951,7056,2793.05806,0,0,112,42.332021,0,0,1232,544.862062,0,62.3629927,672,264.363386,672,422.024644,0,0,255,353.88322,0,0,17220,7061.40365,1960,1083.06701,170,179.83458,224,0,0,0,0,0,600,574.307036,112,0,224,77.2873426,0,383.877957,3920,2448.40715,0,5675.22804,0,0,0,20.8942918,672,608.070171,1568,561.380102,850,0,140,0,0,334.217494,560,11984.5234,30240,2500.81587,7056,23696.9246,26320,1192.57075,525,3127.00962,0,3889.55785,9520,0,0,0,0,4016.2656,12432,82.6135582,0,140,280,0,0,186.558302,0,4684.69864,6160,76.5658758,0,11728.1091,31248,1428.70571,3780,1210.06887,2550,100.770366,224,0,0,140.39943,672,0,0,421.198291,784,744.129021,2128,0,420,3317.95921,11200,21732.8091,21280,364.153814,784,490.759412,2688,0,336,158.829049,140,0,0,0,0,1476.90797,1440,211.660105,560,1055.05116,2576,6519.13123,17248,11721.002,32256,0,7504,0,0,0,0,5184.68529,560,2704.26632,7420,0,0,424.025156,1568,0,0,2060.30349,7952,0,0,0,0,2504.39613,0,660.201989,1062,339.641379,6272,0,0,0,0,0,0,3113.56181,0,22915.6306,10752,0,0,0,0,0,0,0,0,0,0,0,0,4564.43525,0,0,0,0
1120,236.6153,120,134.542346,7056,2719.44112,0,0,0,0,1440,509.116882,1232,593.969696,280,102.992285,784,227.473075,112,194.470221,896,0,425,288.919632,0,0,13300,8553.75297,1540,1397.35638,510,105.945994,224,0,0,0,0,1706.07005,960,364.730821,0,0,336,83.3306666,420,330.035496,2240,2342.34637,0,1134.57187,0,0,0,127.757583,336,633.567676,1232,548.515855,2550,0,140,0,0,340.963341,0,10222.0984,26208,2216.22382,7168,25816.0359,23240,1186.61283,1575,3722.73455,0,3563.96692,4340,721.248917,2040,0,0,4021.29133,9072,54.3426628,420,98.9949494,140,0,0,565.326202,112,3655.09804,9856,82.2873016,140,11487.1587,31360,0,0,1013.65587,1870,0,0,0,0,262.663283,0,0,0,307.818128,784,584.848698,2016,0,0,3269.96024,8848,20123.1061,17920,352.90792,784,633.567676,0,0,336,144.387046,0,0,0,0,0,1426.12362,2160,0,672,953.071089,2352,0,0,0,0,5203.18057,0,1346.33131,0,0,896,2287.13169,0,2859.32549,7560,2534.2707,0,643.216915,1344,0,0,1118.04941,2688,0,0,0,0,2744,10752,977.854795,1540,2217.48687,6272,0,0,0,0,0,0,0,448,0,0,0,0,0,0,0,0,0,0,0,0,0,0,4713.02968,0,6.19677335,0,0
140,112.217646,480,243.721152,7056,2504.39613,0,0,0,0,0,0,896,485.333333,0,27.6818662,672,224,0,419.041309,0,504,0,386.693285,0,0,23240,7925.48202,2100,1618.88885,170,164.601792,0,0,0,1941.33333,3220,1473.44133,1080,600.333241,224,39.5979797,224,74.6666667,0,162.955856,1400,1801.57334,448,1548.88347,0,0,0,226.241267,336,479.918512,1232,746.813137,1700,0,0,0,0,124.622095,336,8675.4827,33040,1972.75847,6384,18938.2266,27300,1168.57552,2100,2801.74629,4368,4347.20228,6300,0,0,0,0,4533.8486,14896,87.5,0,134.039795,0,0,0,1085.88556,1232,3901.62379,8848,51.7987559,0,10732.7003,32592,2240,6720,931.882429,3060,113.544901,336,0,0,197.549431,112,0,0,358.866363,0,755.019941,1344,0,0,3057.00507,10640,21246.7137,17780,256.624239,896,0,3584,45.7238085,336,163.569939,0,0,0,3136,0,1544.66825,2400,0,0,936.271922,784,2874.66667,8624,5949.01717,0,0,6272,3233.5949,224,0,0,3414.13507,2940,2671.22549,9380,0,0,484.974226,896,0,0,1623.81241,2240,0,0,0,0,5253.39831,10752,3554.18064,2100,3981.9111,7168,0,0,0,0,0,0,0,0,0,7168,0,0,0,0,0,0,0,0,0,0,0,0,4690.13649,0,677.526383,0,0
0,103.873962,840,289.870546,7728,2302.13814,0,0,0,0,0,0,896,476.493861,0,74.4383734,896,214.138481,1120,254.613292,0,0,0,5057.92459,0,0,28420,7208.7002,5740,1323.35038,0,59.4325014,0,0,7168,2692.66262,560,1460.20802,1800,332.86634,224,0,336,102.920897,0,139.381212,6440,1558.24297,10752,3908.14206,0,0,0,243.736105,336,542.169469,1680,531.882401,1190,0,0,0,0,94.4466928,560,8424.40544,41888,1706.79083,6944,17413.5797,54180,1064.4259,1330,2725.43639,6720,3491.60138,8680,0,0,0,0,3639.58835,12320,73.4166194,0,134.039795,140,0,0,550.064239,1008,4128.04794,5376,63.5515539,0,10079.3708,31024,0,0,952.269803,1955,0,0,0,0,88.3467914,224,0,0,178.654726,560,602.097666,1904,0,0,3011.04385,10752,19604.0024,21000,334.128119,560,1792,0,42.332021,336,211.005424,0,0,0,5226.93333,10752,1011.92885,2040,212.505059,560,911.453564,4480,0,0,11400.6978,0,4527.25082,3360,1905.04908,7168,0,0,3302.34215,0,2449.44834,7560,0,0,562.359474,1008,0,0,1782.02999,5040,0,0,0,0,5760.11111,0,3373.09946,3220,2688,6272,0,0,0,0,0,0,0,0,10701.9298,10752,0,0,0,0,0,0,0,0,0,0,0,0,4718.19749,0,3411.92702,0,0
420,28.1746255,360,206.725642,6720,2165.55568,0,0,224,67.5385412,1320,397.994975,672,510.79859,0,64.4786082,672,130.787823,112,305.590794,1232,0,0,196.809623,0,0,12180,5753.11746,280,1891.3829,680,121.836328,0,0,0,0,420,1235.35504,600,219.453868,0,79.1959595,448,69.2421312,0,227.238801,5600,1943.06126,0,846.64042,0,0,0,162.093389,0,734.58837,1008,650.478495,1615,0,0,0,0,79.1959595,336,8072.93243,41440,1818.65629,6720,14689.4057,31360,878.835231,1680,2191.31277,1792,3063.91197,2520,0,0,0,0,3416.4423,10304,92.6012959,315,70,0,0,0,637.681625,1680,3071.65821,6496,48.4573123,0,9669.59934,29792,1260,0,953.433985,2635,0,0,0,0,77.0057849,224,0,0,337.354844,224,529.650313,1792,0,0,2791.02562,9408,24974.9311,22400,200.920066,896,0,3584,56,336,149.839308,280,235.418081,3584,0,0,965.069946,2640,0,336,955.306167,4032,2600.23384,17248,12071.0855,32256,1680,0,3307.84552,0,0,0,3450.1165,1400,2304.33137,4760,0,0,437.960231,1456,0,0,1847.939,4816,0,0,0,336,3644.89182,10752,3567.71585,1120,3435.31588,6272,0,0,0,3920,0,0,0,0,10669.6473,10528,0,0,0,0,0,0,0,0,0,0,0,0,896.695499,0,2711.33333,0,0
140,106.558904,600,190.914545,7728,1674.53252,0,0,112,32.3316151,0,0,784,455.864307,280,59.7420592,672,198.828082,1120,163.673122,0,0,850,329.403041,0,0,29680,6271.23741,2100,2152.51349,170,109.484847,224,0,0,0,280,1675.74981,240,595.253956,0,0,112,176.118968,280,379.226835,4480,1416.47022,448,448,0,0,0,120.833344,560,575.730577,896,667.160991,1190,0,0,0,0,186.190909,0,6577.14522,34160,2119.38607,4704,16132.7308,51800,662.567321,1680,1329.05629,4256,3622.72956,13860,588.897275,2040,0,0,1040.6562,10080,70.198582,105,52.9150262,0,0,0,804.010669,0,2988.00303,8400,63.5515539,0,6801.15541,22064,0,0,1214.85409,2890,11.3137085,0,0,0,52.7973063,336,0,0,183.845346,0,613.449264,112,0,0,2670.54942,8848,22167.2872,22120,129.32646,672,2069.22336,0,35.4175098,336,207.660489,0,0,0,0,0,1165.08291,2280,0,336,1065.49556,896,0,0,3621.14089,0,3292.76054,0,937.180239,784,0,0,3492.2628,0,2310.88045,9380,0,0,299.51395,1008,0,0,1254.9218,4144,0,0,0,0,3626.33332,10752,0,1400,478.932146,5376,0,0,3798.96477,10640,0,0,0,0,40899.0562,7168,0,0,0,0,0,0,0,0,0,0,0,0,964.425359,0,2178.75502,0,0
840,190.94945,0,229.260284,7616,430.144162,0,0,0,0,0,0,1344,193.007458,140,103.050284,1456,246.230245,448,300.134576,0,279.568899,1020,348.077136,0,0,12880,5660.33197,5740,1492.18082,170,72.6622852,224,0,0,0,420,1297.25153,360,313.165655,0,56,336,43.5959409,0,467.011091,1120,929.627124,5376,0,0,0,280,323.600933,112,697.367357,672,642.313028,1955,0,0,0,0,0,448,14243.5972,25648,1992.73182,7056,9796.59034,24360,357.656636,1260,1285.47615,2464,1625.80509,2100,0,0,0,1008,1869.90898,8624,100.177727,0,132.815662,280,0,0,568.114034,0,1860.08505,8624,50.7444578,0,1977.35348,28112,0,0,1056.22635,2635,0,0,0,0,121.756837,0,0,0,93.5028763,448,130.787823,1344,0,0,4423.75462,9968,18477.2491,22400,57.6720089,672,0,3584,52.7973063,112,299.176648,0,0,0,186.379266,0,694.942771,2040,0,0,894.119041,2464,0,0,2845.18213,0,2369.46846,0,2478.46948,0,0,896,1601.51856,3640,1190.8827,3360,0,0,149.756975,1232,0,0,1067.95195,6272,0,0,0,0,6298.63436,21504,4395.2031,3500,4566.8392,3584,0,0,0,2660,0,0,,0,4548.27967,10752,0,0,0,0,0,0,0,0,0,0,0,0,664.091378,0,338.481457,448,0
140,106.996893,360,268.639163,7728,147.345747,0,0,0,0,0,0,1120,72.8496872,140,209.196264,336,55.6914577,672,280.260366,0,0,0,327.369567,0,0,16380,6016.26979,0,1871.55113,425,143.722266,0,0,0,1782.12665,0,1738.97806,0,298.347095,0,56,224,255.615095,0,538.325267,2100,1975.96911,11200,2099.03089,0,0,0,180.260851,0,859.727327,896,509.415874,0,0,0,0,0,110.554778,336,5462.13055,19824,1070.15225,6384,9476.45909,47880,538.105652,525,1888.29343,5152,2471.90111,8960,545.212934,2040,1762.1101,2464,1439.50419,6720,66.4989878,0,171.464282,0,0,0,668.86082,0,2270.53944,5040,75.2117012,140,972.763022,32592,876,0,1045.54215,850,0,0,0,0,85.0701068,336,0,112,150.584502,336,116.227893,1680,0,420,1508.68012,6160,16876.756,21980,31.063211,896,1354.62467,0,217.125274,0,438.867223,140,0,0,2709.24934,0,814.899711,1320,267.642845,2240,930.149914,0,3047.60022,9744,0,0,1667.15086,3808,3697.82374,0,0,0,2467.07473,4200,2429.66288,6720,977.463384,0,267.215845,1792,0,0,1003.76438,2240,0,0,100.175845,0,2953.34748,7168,0,6860,0,0,0,0,250.439613,560,0,0,0,0,11831.647,9856,0,0,0,0,0,0,0,1008,0,0,0,0,720.10108,0,215.906675,1568,0
560,68.2364872,360,188.701124,9520,522.959625,112,0,0,0,0,0,896,106.317377,0,44.5259883,0,70.9322537,224,172.778585,0,0,850,231.373744,0,0,18620,4205.27017,280,1844.08492,0,123.873015,0,0,3584,158.391919,4060,2284.22515,1680,347.990148,112,45.7238085,112,66.485086,0,536.440073,4620,868.224157,0,3167.83838,0,0,0,124.052332,224,760.642535,560,633.805964,1105,0,0,0,0,126.051841,672,7677.04943,20384,1405.78007,6496,9860.54699,41440,715.674507,1050,2196.35114,3024,2394.71328,8400,0,0,0,0,2362.33918,10976,70.7909856,0,135.25285,560,0,0,510.662014,336,2296.82426,12432,52.3239907,0,1555.93158,31024,0,0,1235.47629,2720,0,0,0,0,83.2410155,448,0,0,157.51923,672,115.03578,1680,0,0,2212.01181,9184,16122.7045,22120,47.6913151,896,298.666667,2688,315.839622,672,379.353867,0,1295.01856,4480,7761.20403,14336,742.505411,1560,0,0,596.614576,3248,1979.89899,4480,0,32256,1190.32545,0,4413.01046,14336,0,0,3441.36331,2520,2270.21689,4900,1115.511,3584,228.26705,1568,0,0,1378.86966,6944,0,112,1192.08053,0,3510.68277,6384,3465.3754,0,1721.69791,5376,0,0,0,2100,0,0,0,784,11972.7639,11648,0,0,0,0,0,0,0,0,0,0,0,0,618.555907,4060,929.028004,2576,0
280,163.246885,240,225.879024,8960,487.216858,0,0,0,0,0,0,1568,183.87242,140,58.5684655,1120,128.515628,784,155.032172,0,0,425,333.667214,0,0,15820,5386.61566,420,1744.27766,0,115.612499,0,0,0,0,2940,1357.56052,600,405.166632,224,52.315129,336,72.3750913,560,647.313674,5460,1038.53813,0,2464,0,0,0,138.013636,0,489.052417,1344,446.418619,1700,0,0,0,0,88.8384301,336,7386.30943,21952,1469.65318,4480,10950.9328,47040,752.78483,1575,2570.56096,5152,2345.4811,6860,510,1870,1821.50707,0,2914.50277,8176,63.2183715,0,202.072594,0,0,0,540.525961,0,2012.68851,8848,41.5908644,0,4954.81191,22512,0,0,1241.89237,1275,49.344143,224,0,336,66.485086,224,0,0,718.148731,1008,139.54593,1680,0,0,2363.51625,8512,14759.869,22120,66.485086,896,1097.3714,896,211.395364,1008,462.746241,0,0,0,0,0,853.121998,4080,0,0,557.400858,2240,0,0,0,0,1358.82564,7616,830.771529,0,0,0,2624.56227,3500,2185.98268,7420,1348.65859,0,173.509654,1008,0,0,1094.83126,2016,0,0,433.774135,0,3678.13054,2800,769.310297,1120,2283.62846,6272,0,0,0,0,0,224,0,0,2875.31927,6272,0,0,0,0,0,0,0,0,0,0,0,0,525.614244,4480,946.932632,1680,0
280,177.253008,1440,279.241041,6608,356.235128,0,0,0,0,1560,0,1344,178.264223,280,40.374009,1232,384.156831,448,278.671102,1008,57.965507,340,505.39188,0,0,17640,5525.0928,0,1758.68351,0,119.075869,224,0,0,0,2100,752.052702,1320,284.232713,112,58.4900924,224,75.7258212,0,47.2671325,5040,848.846458,0,0,0,0,0,132.876709,0,669.593731,1008,329.203584,0,0,0,0,0,111.691884,0,18148.201,10640,3494.23054,7392,10011.1883,27860,629.163047,210,1734.17585,2240,2704.88497,13440,0,0,0,0,2916.54171,0,51.6984262,0,122.788123,0,0,0,424.256374,672,2244.29727,8176,0,0,2910.6266,15120,0,0,1120.91899,850,180.594574,112,0,224,88.8384301,0,0,0,379.190717,896,250.439613,896,0,0,5869.1272,5488,13685.8069,22120,155.72968,560,0,2576,183.724695,0,4.43129368,280,0,0,0,0,989.424075,0,0,0,573.167932,0,0,0,0,0,2353.06935,3584,1063.58547,0,0,896,2902.08937,5600,1818.314,7280,395.979797,0,286.541763,560,0,0,1221.17865,0,0,0,1597.99875,0,3237.65993,0,793.414067,1120,896,5376,0,0,0,4480,0,0,64,1008,4610.78003,21504,0,0,0,0,0,0,0,0,0,0,0,0,866.965782,3780,12.0948631,1792,0
0,215.011474,0,236.30318,4256,264.573033,0,103.23759,0,0,0,0,784,104.766407,0,152.133256,672,99.969226,0,163.370935,0,0,170,465.792336,0,0,6300,4322.70661,3640,1399.0941,85,159.391203,0,0,0,1027.10778,0,1120.03689,1200,270.111088,0,45.3062308,336,134.454891,0,300.800017,2660,1423.1385,5376,4182.06433,0,0,0,209.555833,336,544.055024,560,294.649038,2635,98.9949494,0,248.901587,0,79.1959595,112,7763.96066,28560,1455.8733,2352,10120.5215,21420,766.4356,2100,1350.36993,0,2678.13639,1820,0,0,0,0,2306.69215,9184,87.0179027,315,153.923058,0,0,0,588.910615,0,2313.95832,4144,24.4887729,0,2948.43552,28000,897.672059,0,709.449121,1700,51.2666233,112,0,0,105.405882,560,0,0,464.972611,448,55.1703245,1344,158.745079,0,2514.26333,9632,12827.1891,22120,145.333693,560,858.666667,1008,146.873683,0,153.529802,140,126.996063,0,811.860524,0,562.055053,2040,0,0,654.53459,2912,1609.33746,8624,0,28672,1756.3786,0,1725.77523,0,0,0,2693.1136,0,1752.59879,2520,1578.23327,0,356.889123,1344,0,0,1241.86679,3136,0,560,1770.87549,0,3345.69504,7168,710.523833,1680,995.848323,7168,0,0,0,8400,0,0,64,0,13875.7538,10752,0,0,0,0,0,0,0,0,0,0,0,3584,865.520126,1120,44.9054562,4032,0
420,336.986329,720,200.287075,6608,446.897713,0,0,0,0,0,0,0,198.496916,140,60.8057015,672,1101.37496,784,262.491016,0,0,510,256.881944,112,0,21980,3955.60111,4480,1387.32294,0,192.426934,0,0,0,2738.41035,560,1529.81361,0,351.818804,224,57.6720089,112,183.857814,140,328.825857,9520,1057.40861,448,3815.51415,0,0,0,197.621486,112,466.003037,1568,319.564991,510,0,0,316.783838,0,75.1562894,336,13930.3869,26208,3371.82945,5824,8943.93943,60060,914.875603,840,1808.75321,1904,2495.5356,14700,0,0,0,0,5900.43855,10976,90.4858211,0,124.961533,0,0,0,693.691585,1344,2531.01577,12656,23.255107,140,1341.45914,35056,606.666667,0,1152.46462,1530,39.5979797,224,0,0,118.058366,560,0,0,324.628071,1568,85.0701068,1792,0,420,5045.83314,8848,11255.9954,22400,172.75327,560,356.381818,0,320.402688,1456,129.68015,0,1302.81786,2464,4205.90873,0,1037.68974,1200,0,0,455.013013,3696,2558.89976,0,0,0,2189.91832,0,2516.6405,0,0,0,2268.78998,5880,2797.41484,8400,885.044129,0,98.2304982,1008,0,448,1026.10785,4480,0,0,3619.8083,16240,4678.49594,0,2364.20363,1400,1760.42776,8960,0,0,0,0,0,0,64,0,16137.3957,3696,0,0,0,0,0,0,0,0,0,0,1525.68354,0,957.433249,6160,1074.23659,0,0
,285.925865,,380.768558,6160,476.807159,0,0,0,0,0,0,0,434.567867,140,85.9951307,1456,1095.02254,896,166.036185,0,0,0,300.274241,0,64.6632301,17360,4336.31309,3080,909.811542,680,99.0494294,0,0,7056,1008,2520,1795.01124,0,313.620622,0,49.1152491,336,87.0849634,420,185.96952,3220,678.773998,10752,2856,0,0,0,201.643496,0,410.738949,784,419.39328,765,0,0,0,0,80.2312447,336,14997.8116,41104,3218.53733,9296,8397.90416,38780,942.540659,1575,1801.88975,5936,2200.08969,7840,0,0,1436.44747,0,7191.82488,21728,78.6732082,0,94.4927981,0,0,0,481.831332,0,2138.67563,7616,0,0,881.075706,29344,0,0,755.483942,2890,46.3724056,112,0,0,71.5306338,224,0,0,136.95352,560,78.8179337,1680,0,0,4611.16821,13440,11722.6665,17920,139.54593,560,0,2576,143.738324,560,71.606257,140,0,0,678.193679,0,658.534258,1800,0,0,381.707728,2240,2600.71621,0,0,0,1491.19591,0,774,14336,0,448,4887.93937,3500,2347.47693,7420,1608.80245,0,112,1120,0,0,2133.41736,5600,0,336,2160.49681,0,3506.39466,10752,1763.1681,2940,1110.76615,896,0,0,0,8400,0,0,0,0,3541.20358,3472,0,0,0,0,0,0,0,0,0,0,0,0,225.807201,4340,33.9411255,1904,0
280,392.639316,600,339.979691,7056,329.401882,0,0,0,0,0,0,784,318.663877,140,135.654026,784,265.715637,672,242.468967,1008,0,0,198.971405,112,0,14980,3239.64763,1540,946.136085,510,171.911868,0,0,0,1067.34403,2100,1530.84818,0,238.423393,224,56.1827085,336,47.9268448,420,70.1179678,1960,1436.39629,448,1299.48085,0,0,0,160.678531,224,350.008,1456,364.515007,170,0,140,0,1568,159.534058,336,8849.15773,28784,1656.16875,4144,10651.3966,46760,844.301486,735,2816.93805,1904,2001.56914,10780,0,0,0,3584,3471.19991,5264,47.5034625,0,0,0,0,0,512.995422,0,1884.97402,10304,12.2940171,0,1113.04843,35504,0,0,867.507788,1445,0,112,0,0,152.23841,672,0,0,199.82926,448,191.276414,1344,0,0,2619.0946,5376,11816.0577,22400,133.89349,672,336,0,216.201076,224,96.7367182,0,169.328084,0,670.44264,0,706.492341,2040,275.483575,1344,378.119111,2688,2514.80947,0,0,0,1308.31411,7392,3058.63768,896,316.783838,448,6297.72409,6300,2396.18136,7560,1348.65859,3584,114.765849,1008,0,224,1762.86726,5264,0,0,3896.9532,0,4849.47128,5376,731.806789,2100,1406.2228,11648,0,0,0,0,0,0,0,0,4014.28084,0,0,0,0,0,0,0,0,0,0,0,0,0,1533.21044,2800,27.7128129,3584,0
0,470.741351,0,508.663512,7616,230.893915,0,0,0,0,0,0,448,158.391919,0,70.9202344,1456,278.468539,0,294.604804,0,61.3449264,0,250.576716,0,0,9380,4117.02693,1400,1000.2057,0,132.875499,0,71.1055553,0,1034.13395,280,1497.33495,0,140.675064,224,51.0543383,112,69.4218549,0,186.305555,980,1515.52435,0,1146.8775,0,0,0,200.252157,448,539.000197,896,405.298778,1785,0,0,26.8632903,0,164.529817,448,10689.7491,23520,1568.38091,5488,10265.9951,25060,906.316847,1890,2748.95082,2688,1903.02093,4480,0,0,14.1421356,0,6318.3998,16688,104.074872,105,0,0,0,1120,447.948546,0,1863.97549,5936,32.1351313,0,591.167937,28672,2850.16569,0,716.124468,2295,0,112,0,0,178.081357,0,0,0,152.759711,672,79.7761574,1232,0,0,2292.49992,8624,10600.3489,13440,125.58756,784,1596.20094,4592,117.443474,336,185.334353,280,268.012883,0,667.838969,0,670.320722,1680,548.017253,1792,498.941156,3136,2434.65166,9744,9305.39605,0,2613.13939,0,952.665924,0,0,0,6728.21149,6860,2629.19407,3640,411.00592,0,128.132285,896,0,448,1573.64248,3584,0,336,3416.38031,0,3296.41806,10752,805.849935,3500,2502.74434,4368,0,0,77.6580275,6720,11.3137085,672,0,0,12741.1882,10528,0,0,0,0,0,0,0,0,0,0,0,0,873.422209,1400,2828.19947,2352,0
0,62.1398635,1440,494.787112,7280,139.54593,0,0,0,0,0,0,336,51.2666233,140,35.704264,1008,266.551332,1008,170.803368,0,0,0,273.551379,0,37.3333333,20300,4126.11099,280,1023.67353,0,107.676686,560,200.351691,0,2193.03654,0,1101.45495,600,87.2926114,112,103.418618,224,172.046138,280,218.160829,840,546.471983,0,788.785395,0,0,0,205.608612,896,380.885924,336,434.666743,935,0,140,0,0,167.963105,448,7164.61333,30352,1588.85733,4816,11285.0609,45220,902.399469,1680,2856.36488,3472,2265.55882,11480,0,0,646.632301,0,7053.95842,10192,80.6959857,105,57.1547607,0,0,0,535.212687,112,2300.58875,8624,0,0,115.673103,29008,2022.47648,0,771.338475,2380,0,0,0,0,275.87475,1008,0,0,51.2666233,560,209.390226,1568,0,280,2270.75488,9296,11268.648,20860,70.8350196,784,0,0,71.4621987,448,304.289677,0,0,0,2747.4973,0,838.372223,3840,314.797713,0,805.06114,2352,949.281401,5040,5781.30504,21504,3387.36784,7504,6204.07853,0,0,0,6172.90691,2940,3026.13326,9380,228.619043,0,54.6504041,1008,0,448,1488.97388,3696,0,0,2582.55398,0,3221.25997,10752,1885.80929,4200,2279.91496,3696,0,0,0,0,9.19238816,560,742.857143,0,6171.23965,10752,0,0,0,0,0,0,0,0,0,0,0,0,541.954668,5740,2016.7105,2352,0
0,0,1200,412.77488,7280,211.395364,0,0,112,0,0,0,0,0,0,34.4093011,1008,215.731449,336,165.189399,0,0,0,189.915469,112,0,14700,3617.94366,2380,843.471605,850,138.379434,448,139.117217,0,1344.42418,0,1355.22945,720,203.547486,672,57.0054663,336,62.788534,280,126.911088,1120,526.12263,0,0,0,0,0,353.344145,112,324.71883,2240,411.08282,340,0,0,0,0,99.8287862,224,7462.07823,31584,1537.78866,5936,10395.7946,36680,886.775117,1785,2680.52639,3920,2154.12547,13720,0,0,0,0,3227.5302,0,78.7689371,315,57.1547607,0,0,0,485.240475,224,2229.51271,7504,0,0,3709.99472,27104,2040.96655,0,772.75408,2210,56,112,52.315129,784,73.2326054,336,0,0,150.089751,224,698.243129,3920,0,140,2529.24424,9296,8778.88338,28420,303.691071,336,0,0,162.639104,560,22.6778684,280,992.82621,3472,1681.35703,0,948.353264,2160,395.979797,0,795.777766,2912,3262.15456,9744,0,0,1194.22909,3584,3383.02344,0,0,0,6578.70694,7140,2746.42858,9380,1247.59823,0,67.4329296,1008,0,448,1413.57706,3248,0,0,3409.16191,3584,2648.13494,2464,2169.52543,1960,2117.85223,8064,0,0,0,0,0,0,0,0,2849.30347,10752,0,0,0,0,0,0,0,0,0,0,0,0,1295.99211,1680,32,8624,0
140,0,1320,238.324345,8064,198.919434,0,0,0,0,0,0,0,42.0597865,0,27.8931493,1568,338.911827,672,167.287433,1008,0,1275,154.176036,112,35.4175098,14280,3613.01603,4200,590.370765,0,130.579478,0,0,7280,1486.53848,0,1298.54669,0,206.824734,0,54.1011399,336,66.485086,0,159.084883,700,599.671716,0,536.354112,0,0,0,177.015306,560,320.262559,1008,403.995978,2550,0,0,0,0,138.8182,448,7014.9681,31360,1354.4593,5264,9609.54484,38080,934.735925,3045,2608.74524,2688,2457.25726,8260,0,0,0,0,4199.68639,1232,69.9431587,105,0,0,0,0,522.241154,112,2331.94542,8736,0,140,1911.42152,29008,1649.75082,0,792.629748,2040,0,112,0,0,138.385356,336,0,0,98.8784161,224,740.685851,448,0,420,2201.33429,8960,8461.9614,16240,245.844001,448,0,3584,121.553059,560,29.7609524,140,148.050631,0,1681.35703,7168,969.948452,4200,79.1959595,0,428.604762,0,2388.38523,0,0,0,2199.1271,0,3444.08106,14336,0,896,8236.41796,6860,2612.63715,9100,1150.77713,0,93.1134665,784,0,448,1414.14679,2016,109.122256,896,3419.46905,3584,2069.70828,6496,777.745805,1680,1954.15662,7056,0,0,0,0,0,0,1008,0,2870.27221,10416,0,0,0,0,0,0,290.408898,0,0,0,0,3584,1053.77117,2660,14222.9361,2800,0
0,39.3083052,480,395.227369,5936,371.369192,0,0,112,1.10940039,0,0,0,0,0,88.1254787,784,281.974576,896,180.742984,0,0,170,341.12602,112,0,16100,3549.64767,0,804.766152,0,109.006175,0,0,0,354.175098,5040,1531.52959,0,75.8946638,224,42.6376713,112,80.5050723,0,236.606002,2520,618.825833,0,0,0,0,0,215.897877,0,249.783759,1120,414.553931,340,0,0,0,0,122.453684,112,6822.11057,30016,1527.1731,5824,9829.15397,44100,633.972094,420,2738.06231,5040,2032.79368,11200,0,0,336.630721,0,2357.23725,8848,75.8430874,0,0,0,0,0,492.691672,0,2238.5505,10080,38.0788655,0,1199.54453,17472,1641.64552,0,801.375356,1190,0,0,0,0,177.305369,224,0,0,0,112,397.456529,1008,0,0,2392.78283,11760,5621.96921,17780,184.034779,0,0,0,113.879613,560,6.66666667,280,25.0439613,0,531.262647,0,1018.62532,2520,0,0,424.076357,0,2468.30936,0,1762.4842,0,2868.18617,0,3446.5913,0,0,0,8053.186,0,2390.44326,9100,457.238085,0,227.056076,1344,262.094131,896,1119.03473,0,0,0,3371.74439,3584,2779.00312,8960,926.769742,2240,1687.93488,0,0,0,0,0,120.854909,224,0,0,2805.95955,10416,0,0,0,0,0,0,0,0,0,0,0,0,690.292252,1400,0,0,0
140,232.94425,0,296.021059,7056,256.467522,0,1.34164079,224,45.1486434,0,0,336,0,0,195.815462,784,315.823457,672,161.079937,0,0,1020,311.897739,0,0,9520,2638.0803,0,668.568027,0,111.225048,560,131.732051,0,433.774135,4480,1832.96409,240,29.104275,224,57.1090186,336,137.496708,280,304.147869,1260,371.471368,10752,0,0,0,0,195.192899,448,265.067341,1680,455.868977,2040,0,0,118,0,125.682728,784,6828.99677,31920,1550.89243,6048,8300.76302,32060,418.313923,2205,3504.18442,3024,2395.87035,8120,489.761047,1870,0,0,3091.27075,3696,117.347159,105,0,0,0,0,504.179862,0,2065.19158,6608,25,0,2158.24126,26656,1259.35142,0,776.033132,2550,0,0,0,0,200.385715,0,0,0,78.4726936,448,226.853618,1232,0,0,2281.19051,10528,5344.65124,16380,0,0,0,3472,98.6212195,336,392.303845,0,737.928355,448,433.774135,0,985.515614,3960,565.546951,1568,945.961489,560,2916.76533,8624,8579.68116,0,3060.34497,7616,1978.14728,0,0,0,9526.74781,0,1706.21331,7420,313.94267,3584,122.295984,1344,150.506526,896,1175.46147,0,0,0,3146.10752,7168,1450.02324,7168,984.888094,1400,1711.6516,2016,0,0,0,0,42.332021,336,0,0,11633.3131,9072,8.48528137,0,0,0,0,0,0,0,0,0,0,0,28846.1872,4620,0,4592,0
0,0,1560,397.14115,7056,279.938455,0,0,112,21.1660105,0,0,0,58.4900924,140,154.384678,896,332.600082,448,136.711521,0,0,1445,329.189069,0,0,22680,2830.7162,0,1866.01363,0,93.5122647,0,0,0,2748.142,560,1525.1804,0,87.312825,224,56.7417542,224,122.689853,140,317.228167,1680,741.704686,0,0,0,0,0,178.744904,112,253.828755,672,430.895616,1700,0,0,67.2,0,231.396405,224,9211.87459,26096,1922.34733,5040,10677.5714,43260,487.792647,315,4115.72426,5040,2192.20976,10640,601.040764,935,0,0,2881.80355,5600,113.380938,210,0,0,0,0,492.659632,896,1905.5003,12880,0,0,2515.48998,33824,944.639849,0,753.919981,1445,0,112,0,0,56.8128146,0,0,0,95.7432464,448,70.8350196,1904,0,0,3538.94598,9968,5386.49237,15960,0,0,962.959541,0,132.021957,336,249.286983,0,75.131884,0,948.6283,0,918.248851,2640,247.692478,672,1452.38979,0,1104.65037,0,6122.66667,25088,835.940287,0,4419.29802,0,0,0,10733.4002,0,1910.85446,12040,313.94267,0,83.4339905,1008,11.0227038,448,1389.83514,3472,0,672,3145.30654,7168,1805.90898,3584,3278.31257,1960,1568.73528,7056,0,0,1074.53161,7140,0,0,0,0,2578.93146,9408,0,0,0,0,197.989899,0,0,0,0,0,175.19928,0,0,3080,0,1904,0
0,0,0,156.941117,5600,796.097147,0,0,112,20.7978779,0,0,448,72.3750913,0,48.567666,1120,363.559415,784,164.723227,0,0,425,361.04366,112,0,16520,3370.23428,4480,1849.067,1105,93.5122647,0,0,0,1407.81817,6440,1492.96964,0,123.693169,0,27.16399,224,105.714538,140,79.3657551,1120,284.393422,0,0,0,0,0,160.889852,560,376.870599,1232,383.765695,510,0,0,0,0,199.222191,560,5616.03497,27664,1236.75571,4704,10602.0446,31920,504.020474,1785,3365.82328,5376,1881.70369,11200,180.312229,1275,0,0,2839.95765,10528,111.638002,0,0,0,0,0,410.183794,0,1913.22573,11760,0,0,3377.6072,30800,765.034495,0,745.382708,2380,0,112,0,0,94.3728775,336,0,0,96.817036,448,699.268952,1904,0,420,1887.9322,10864,6449.99225,10500,0,0,0,3584,141.276935,336,20,280,125.219807,0,613.449264,0,859.925532,3360,325.571498,1680,2671.15032,0,3402.16506,9744,0,0,791.827591,0,2274.57272,896,0,0,11431.2162,12460,1862.61542,8820,1321.46012,3584,152.630272,1008,45.7238085,0,1526.96658,0,0,0,3422.03739,0,1884.28741,8960,884.919634,1540,1212.3141,6272,0,1540,1126.97826,7140,89.4892917,0,0,0,2702.58267,0,0,0,0,0,0,100,0,0,0,0,0,0,0,3080,0,2464,0
0,0,0,171.19171,1904,843.93154,0,0,112,20.4483088,0,0,560,79.1959595,0,24.5449495,336,283.543554,0,180.947588,1008,0,425,160.481607,112,0,19180,2778.07195,3500,1789.77679,0,82.2332978,0,0,0,1407.81817,2240,927.373166,0,131.453414,0,50.6539059,112,89.3450919,0,74.1782824,,505.257376,0,0,0,0,0,193.588425,784,168.054572,1456,344.139315,0,0,0,0,0,85.2753426,112,8560.11363,5264,2038.77203,6608,10632.8338,26460,531.644164,840,2787.08097,5376,2171.67079,8260,0,0,0,0,2615.42445,2800,26.25,315,0,0,0,0,538.398486,224,1911.24647,3472,0,0,7949.19512,15120,791.959595,0,723.180714,2380,0,336,0,0,76.7585747,0,0,0,0,0,277.185858,1680,0,0,2903.84109,14560,7080.19617,16520,0,0,0,0,86.7235245,224,0,0,125.219807,0,613.449264,0,564.039617,2280,0,1680,2672.60669,3360,2934.45213,8624,0,0,791.827591,0,2197.14719,0,0,896,11248.8596,5600,1833.31578,8120,1250.73265,0,297.73187,0,0,0,1497.42444,0,0,448,3349.83632,7168,1923.86586,0,798.828165,3360,1112.93773,0,0,1400,1295,7140,28,112,0,0,2520.02178,0,0,0,0,0,184.752086,0,0,0,0,200,0,0,0,140,0,0,0
0,139.624198,0,1899.74963,0,0,0,7.15541753,112,1.33333333,0,0,0,0,280,114.630269,1568,303.780777,1008,253.007852,0,0,0,165.832099,0,0,10920,3569.55883,5180,1640.3952,0,76.6814088,0,15.8839542,7168,1422.51371,0,717.743641,0,37.8362121,0,48.040387,448,126.930719,700,143.568657,840,680.059542,0,0,0,0,0,123.007956,0,438.591199,1232,423.016536,0,0,0,74.2781353,0,51.8459256,224,4422.14406,17808,1428.32524,448,7764.30088,36400,574.531225,0,2468.93168,4144,2773.06619,5880,0,0,0,0,1797.15049,7952,35.8643277,0,0,0,0,0,518.881535,0,1520.5014,4592,13.5292622,140,0,0,422.014218,0,1322.06053,0,0,0,0,0,55.5065983,0,0,0,0,0,0,0,0,0,2117.85993,3696,5855.55358,12880,0,0,0,0,69.9866654,0,212.706492,0,91.4476171,0,782.22958,3584,1290.74296,0,129.653384,0,634.28931,0,1320.0951,0,0,0,959.60598,0,3636.20817,10752,0,0,11951.5558,5600,2119.13269,2660,688.445932,0,0,0,2797.53491,7056,1298.04753,0,0,448,1959.75465,7168,1273.97843,0,828.123932,1260,1215.1576,0,739.633693,560,619.982079,0,923.860959,0,0,0,9096.84595,7280,33.8388337,112,0,0,103.923048,0,0,0,0,0,5250.22092,0,0,4340,0,448,0
0,45.7937351,3840,714.169275,0,0,0,0,0,0,0,0,0,0,0,21.5185966,0,359.207711,112,137.139105,0,0,850,218.349938,0,0,6580,2435.45013,5320,1631.66856,0,48.0147176,0,0,0,954.361398,0,796.9375,0,0,0,26.3986532,0,63.1765204,0,89.5072533,1400,1028.37993,0,0,0,0,0,150.160105,0,456.275113,784,264.808018,170,0,0,0,1120,50.0879227,224,5789.59155,0,2780.22331,0,6404.07819,19040,797.422369,1995,2030.11484,3472,824.443682,6020,372.451339,1870,0,0,2945.62619,0,97.2111105,0,52.5,0,0,0,559.573988,0,1956.38239,4144,9.90454441,0,0,0,328.329103,0,901.302597,0,0,0,0,0,56.2939653,0,0,0,0,0,0,0,0,0,4493.49049,0,6061.65113,17920,0,0,0,0,159.706397,0,63.1126938,0,1720.66116,4816,2460.50779,0,858.956606,0,167.376621,0,1405.65684,0,1331.35073,0,12897.5509,32256,3871.42881,0,7764.36337,0,0,0,4108.17282,5600,2293.96998,6020,891.567986,0,0,0,79.1959595,0,1434.48304,2016,0,0,2027.37531,7168,829.409568,0,2810.91622,2100,0,5376,483.661038,1540,508.53821,0,293.865828,0,0,0,2464.88469,10752,0,112,0,224,161.658075,140,0,0,0,0,0,0,0,280,0,4144,0
0,0,0,181.37674,5040,1074.98887,0,0,0,0,0,0,336,0,0,66.3193034,1232,263.580086,784,112.823513,0,0,0,288.056151,0,0,10080,2158.50621,1960,1416.25279,425,73.1197648,560,0,0,695.179189,0,708.218641,0,0,0,43.0556977,0,106.059868,0,167.537923,1120,1207.14101,0,0,0,0,0,166.910926,0,164.961775,0,276.917899,0,0,0,0,0,219.889559,336,8783.45989,15568,1092.41902,1120,5589.11139,19740,506.126668,315,2105.89018,0,1752.63637,3780,0,0,0,0,3245.52652,7952,152.252321,105,60.6217783,0,0,0,502.148773,0,1512.28878,3360,9.95322393,0,1174.5642,28000,350,0,988.35866,0,0,0,0,0,82.4453842,0,0,0,0,336,91.4476171,1792,0,0,2770.5512,0,4687.29618,17920,0,0,0,3584,88.7884193,0,30.5342526,140,22.4,0,1228.18932,0,784.653948,1680,118.058366,0,1465.14105,0,3390.64778,9744,0,0,3115.14645,7504,3426.42535,0,0,0,4354.70908,4200,1746.78477,0,300.189744,0,351.296266,560,42.0597865,448,1470.21045,0,0,0,1554.09418,0,846.494699,0,1613.35126,3500,731.580937,0,919.846364,980,442.718872,0,39.9515331,0,0,0,2414.69682,7168,0,0,0,0,121.498579,0,0,0,0,0,0,0,0,,0,1344,0
0,49,0,216.403529,6496,687.379565,0,0,0,0,1200,0,336,92.7448112,0,71.8595216,2352,664.042006,0,98.0971457,0,0,0,2835.4097,0,0,0,2322.38391,8960,1794.24336,0,43.0202152,0,0,3584,773.487414,0,839.26515,0,30.9838668,0,55.8065625,112,59.5907612,0,223.913294,140,1208.29455,0,0,0,0,0,241.795836,336,307.266344,448,252.895355,0,0,0,0,0,107.092483,0,7631.57974,32032,1604.5125,6160,6197.86879,2940,652.291672,840,2054.49696,3920,900.069023,0,353.396782,170,0,0,1958.70902,10752,260.53323,,0,0,0,0,536.032673,0,1481.90911,0,9.90454441,0,1000.6883,30576,350,0,948.779319,1955,0,0,0,0,49.817905,0,0,0,38.2552829,336,0,1680,0,0,2690.87042,13440,3892.0134,19180,0,0,0,0,94.3953834,448,25.6830225,0,0,0,1258.77133,7168,637.763472,1800,0,0,1527.68332,0,1259.05948,0,0,0,2022.86387,7616,3402.60472,18816,0,0,4257.67825,13440,3051.55458,0,272.148748,0,168,1008,0,0,1444.72954,2576,0,560,1656.86791,7168,1087.87017,5376,861.042149,2240,1512.7625,0,0,700,508.53821,0,553.701828,0,0,0,2205.34965,0,0,0,0,0,37.7964473,420,0,0,0,0,0,0,0,,0,1904,0
140,7,0,182.467113,5152,1162.94717,0,0,0,0,0,0,0,111.574951,0,64.7662464,2016,566.401063,112,84.6844563,1008,0,0,360.085489,112,0,0,2572.97006,10640,3167.36046,0,49.0747729,0,0,0,860.757181,0,777.006943,0,0,0,51.0543383,336,76.5641258,0,235.27483,980,1216.60801,0,0,0,0,0,185.178336,448,318.377061,448,329.258908,255,0,0,0,0,92.7224213,336,6424.89769,32368,1399.7082,5600,8643.85161,13860,764.314572,1890,1773.44706,,2856.76092,8960,0,0,0,0,2404.66308,9856,228.550614,210,0,0,0,0,490.448171,448,1415.37917,0,12.8826434,0,1331.13945,28000,350,0,1219.44689,1020,0,0,0,0,57.0804854,0,0,0,0,336,0,1680,0,0,1700.11488,10304,4082.95507,17920,0,0,0,3360,100.070563,448,31.8904374,140,117.110091,0,736.776605,0,658.554567,3240,0,0,880.023808,3584,3397.35556,9744,0,0,2064.01574,0,1633.56691,0,0,0,9490.61586,0,1849.78322,1960,720.201569,0,56.8175615,1008,4835.16188,14336,1440.35291,1680,0,336,2837.9776,3584,1616.7059,5376,1066.79509,5040,1502.06185,0,1949.3442,1960,7216.94844,16800,514.5,0,0,0,1408.85082,7168,580.814371,0,0,0,409.04069,840,0,20,0,0,0,0,0,980,0,1904,0
280,227.574105,0,186.601651,7056,675.69922,224,0,0,0,0,0,0,0,0,180.678911,672,330.878616,560,285.702725,0,0,0,368.864086,0,35.4175098,140,2487.59143,8680,1505.18578,0,75.2772653,0,65.5441327,0,2409.2615,0,752.667226,0,0,0,35.2766841,224,198.023172,0,262.193248,1260,487.247669,0,0,0,0,0,165.130699,0,340.673382,1344,347.384102,170,0,0,190.401952,0,79.4777965,224,5274.47269,32816,1105.39179,6496,7942.06665,46200,995.819792,630,3515.44107,4368,2347.65568,14000,0,0,0,0,1687.45015,8512,116.152387,315,0,0,0,0,546.382551,0,3567.49797,0,66.2703554,0,867.54827,30800,1421.33333,0,1172.09489,1360,55.144988,0,0,0,64.9389808,0,0,0,0,224,0,1680,740.187576,420,1667.60605,10416,6037.13839,0,0,0,0,3808,112.281998,448,279.374773,420,0,0,2359.82117,0,681.526709,1200,154.872877,0,860.079351,2464,278.457289,0,13002.5543,0,2404.60526,0,5324.92998,3584,0,896,6154.67773,0,3489.84391,6580,0,0,141.783511,1008,1031.88789,0,1461.65428,0,0,0,3704.3959,7168,2020.34564,3584,693.332956,2240,1035.99393,3584,391.531182,5320,238.582853,0,0,6,0,0,14728.9172,10752,0,0,0,336,0,0,0,0,0,0,0,0,0,3500,0,1120,0
0,2715.53479,0,6114.53362,0,39370.4644,0,111.302584,0,600.998596,0,1915.84089,0,6763.15087,0,1382.15208,0,6675.5992,0,5945.27776,0,1280.31055,0,5099.53926,0,404.322452,0,178470.403,0,49006.295,0,2626.54172,0,644.264147,0,22605.205,0,14379.7022,0,9375.59417,0,1299.2395,0,2557.87625,0,4373.65446,0,40371.3262,0,16076.4024,0,168.443858,0,6474.83586,0,15768.5446,0,16364.4725,170,0,0,1638.36779,0,3407.35879,0,355033.604,0,70842.3228,0,470819.838,0,24186.1368,105,66039.6478,0,104851.114,0,7094.44885,0,2636.5961,0,113481.357,0,909.306297,0,1394.33822,0,395.979797,0,14975.5535,0,104815.921,0,330.032267,0,158323.959,0,34886.0846,0,44272.2688,0,522.589248,0,198.161989,0,3551.40976,0,221.524786,0,3596.17637,0,8541.35125,0,,0,109599.298,0,225257.37,0,5400.54895,0,12100.7964,0,4261.05706,0,3985.41075,0,9238.69639,0,26805.0996,0,33351.9525,1080,3522.92978,0,39420.6584,0,44422.9296,0,26094.0679,0,28333.0162,0,32265.42,0,747.619784,0,88287.9212,0,103754.921,0,11483.0139,0,6132.26355,0,8203.92662,0,53976.5229,0,141.977583,0,56412.6844,0,101340.216,0,33490.7061,0,64941.0924,0,4649.78657,0,17489.5998,0,2804.37615,0,0,0,98623.5032,0,1025.09437,0,122.689853,0,0,0,0,0,0,0,0,0,0,0,0,0,0
,,,,,,,,,,,,,,,,,,,,,,,,,,,,,,,,,,,,,,,,,,,,,,,,,,,,,,,,,,,239.420597,,,,,,,,,,,,,,,,,,,,,,,,,,,,,,,,,,,,,,,,,,,,,,,,,,,,,,,,,,,,,,,,,,,,,,,,,,,,,,,,,,,,,,,,,,,,,,,,,,,,,,,,,,,,,,,,,,,,,,,,,,,,,,,,,,,,,,,,
